time,radius,frequency,efficiency
10,200,0.43,0.776480644112071
20,200,0.39,1.10297387161698
30,200,0.38,1.23784178137496
40,200,0.38,1.30723352246183
50,200,0.38,1.3535256277173
