time,radius,frequency,efficiency
1000,10,0.367344118881965,2749.32226227529
10000,10,0.367670784988644,841304.311534008
